[null,{"name":"Welcome","temp":"welcome","event-type":"6","_id":"TADSy","actions":[{"channel":"4","varName":"","message":"${tempVars('member')} \"ist dem Server Beigetreten\"","storage":"0","varName2":"","name":"Send Message"}]},{"name":"giveawayStart","temp":"","event-type":"1","_id":"jEKcf","actions":[{"behavior":"0","interpretation":"1","code":"if (globalVars(\"giveawayStartAlreadyRan\") == null) {\n\n    Actions.storeValue(true, 3, \"giveawayStartAlreadyRan\", cache);\n\n    const fs = require('fs');\n    const request = require('request');\n    const Files = Actions.getDBM().Files;\n    var checkUpdates = true;\n\n    if (checkUpdates) {\n        request('https://raw.githubusercontent.com/ItzPike/DBM-Rawdata-Releases/master/Giveaway%20Rewritten/versionCheck.json', function(error, response, body) {\n            if (response.statusCode == 200) {\n                var allVersions = JSON.parse(body);\n\n                var commandVersions = {};\n                var eventVersions = {};\n                var commandKeys = [];\n                var eventKeys = [];\n\n                allVersions[\"commands\"].forEach(commandVer => {\n                    commandVersions[commandVer[0]] = commandVer[1];\n                    commandKeys.push(commandVer[0]);\n                });\n\n                allVersions[\"events\"].forEach(eventVer => {\n                    eventVersions[eventVer[0]] = eventVer[1];\n                    eventKeys.push(eventVer[0])\n                })\n\n                fs.readFile(\"./data/commands.json\", async function(err, data) {\n                    var data = JSON.parse(data);\n\n                    var systemCommands = await data.filter(command => command != null && commandKeys.includes(command[\"_id\"]));\n\n                    for (i = 0; i < systemCommands.length; i++) {\n                        var systemActionFind = await systemCommands[i][\"actions\"].filter(actionInfo => actionInfo.name = \"Run Script\" && actionInfo.code != null);\n\n                        if (systemActionFind.length != 0) {\n                            var versionCheckSplit = systemActionFind[0].code.split(\"VersionCheck:\");\n                            if (versionCheckSplit[1] != null && versionCheckSplit[1] != commandVersions[systemCommands[i][\"_id\"]] && !isNaN(versionCheckSplit[versionCheckSplit.length - 1])) {\n                                console.log(`[Giveaway Rewritten] The command ${systemCommands[i][\"name\"]} needs an update!`)\n                            }\n                        }\n                    }\n                })\n\n                fs.readFile(\"./data/events.json\", async function(err, data) {\n                    var data = JSON.parse(data);\n\n                    var systemEvent = await data.filter(event => event != null && eventKeys.includes(event[\"_id\"]));\n\n                    for (i = 0; i < systemEvent.length; i++) {\n                        var systemEventFind = await systemEvent[i][\"actions\"].filter(actionInfo => actionInfo.name = \"Run Script\" && actionInfo.code != null);\n\n                        if (systemEventFind.length != 0) {\n                            var versionCheckSplit = systemEventFind[0].code.split(\"VersionCheck:\");\n                            if (versionCheckSplit != null && versionCheckSplit[versionCheckSplit.length - 1] != eventVersions[systemEvent[i][\"_id\"]] && !isNaN(versionCheckSplit[versionCheckSplit.length - 1])) {\n                                console.log(`[Giveaway Rewritten] The event ${systemEvent[i][\"name\"]} needs an update!`)\n                            }\n                        }\n                    }\n                })\n            }\n        });\n    }\n\n    if (globalVars(\"giveawaySystemMoved\") == null) {\n        Files.saveGlobalVariable(\"giveawaySystemMoved\", true);\n\n        if (!fs.existsSync(`./data/giveawaySystem`)) {\n            fs.mkdirSync(`./data/giveawaySystem`);\n        }\n\n        [\"giveawayData\"].forEach(fileName => {\n            if (fs.existsSync(`./data/${fileName}.json`)) {\n                fs.renameSync( `./data/${fileName}.json`, `./data/giveawaySystem/${fileName}.json`);\n            }\n        });\n    }\n\n    if (!fs.existsSync('./data/giveawaySystem/giveawayData.json')) {\n        fs.writeFile(\"./data/giveawaySystem/giveawayData.json\", \"{}\", function(err) {\n            if (err) {\n                return console.log(err);\n            }\n            \n            Actions.giveawaySystem = {};\n        });\n    } else {\n        fs.readFile('./data/giveawaySystem/giveawayData.json', async function read(err, data) {\n            if (err) {\n                throw err;\n            }\n\n            Actions.giveawaySystem = JSON.parse(data);\n        })\n    }\n}\n\n// VersionCheck:2","storage":"0","varName":"","name":"Run Script"}]},{"name":"giveawayCheck","temp":"10","event-type":"3","_id":"eavvT","actions":[{"behavior":"0","interpretation":"1","code":"const fs = require('fs');\nlet giveawaysDue = [];\nvar timeNow = Math.floor(Date.now() / 1000);\nvar counter = 0;\nvar interval;\nif (globalVars(\"giveawayRan\") == null) {\n    Actions.storeValue(1, 3, \"giveawayRan\", cache);\n\n    var giveawaySysData = Actions.giveawaySystem;\n\n    for (var key in giveawaySysData) {\n        if (giveawaySysData.hasOwnProperty(key)) {\n            let giveaways = giveawaySysData[key];\n            let dueGive = giveaways.filter(({\n                finishUnix\n            }) => finishUnix <= timeNow);\n            if (dueGive.length > 0) {\n                dueGive.forEach(async f => {\n                    giveawaysDue.push(f);\n                    giveaways.splice(giveaways.findIndex(e => e.id === f.id), 1)\n                });\n\n                fs.writeFile(\"./data/giveawaySystem/giveawayData.json\", JSON.stringify(giveawaySysData), function(err) {\n                    if (err) {\n                        return console.log(err);\n                    }\n                });\n            }\n        }\n    }\n    if (giveawaysDue.length > 0) {\n        interval = setInterval(drawWinners, 2000);\n    }\n\n}\n\nasync function drawWinners() {\n    var preCount = counter;\n    var channelToFetch = client.channels.cache.get(giveawaysDue[preCount][\"channel\"]);\n    if (channelToFetch != null) {\n        channelToFetch.messages.fetch(giveawaysDue[preCount][\"giveawayMessageID\"]).then(giveawayMessage => {\n            var giveawayEmojiCache = giveawayMessage.reactions.cache.get('🎉');\n            giveawayEmojiCache.users.fetch().then(async function(giveawayUsers) {\n                if (giveawayEmojiCache.count > 100) {\n                    for (i = 0; i < giveawayEmojiCache.count; i++) {\n                        var fetchedEmojiUsers = await giveawayEmojiCache.users.fetch({\n                            after: giveawayUsers.last().id\n                        });\n                        await giveawayUsers.concat(fetchedEmojiUsers);\n                    }\n                }\n\n                giveawayUsers = giveawayUsers.array();\n                giveawayUsers = await giveawayUsers.filter(object => object.id != client.user.id);\n                var numberOfWinners = parseInt(giveawaysDue[preCount][\"winner\"]);\n                var gw = giveawayMessage.embeds[0];\n\n                gw.color = 0x000000;\n                if (gw.fields.length == 6) {\n                    gw.fields[5].value = \"Ended\"\n                }\n                gw.description = \"**Giveaway Ended**\\n\\n\" + gw.description\n\n                var winnerArray = [];\n                var winnerText = \"\";\n                if (giveawayUsers.length > 0) {\n                    if (giveawayUsers.length > numberOfWinners) {\n                        for (var i = 0; i < numberOfWinners; i++) {\n                            var randomNumber = Math.floor(Math.random() * giveawayUsers.length);\n                            winnerArray.push(`${giveawayUsers[randomNumber]}`);\n                            giveawayUsers.splice(giveawayUsers.indexOf(randomNumber), randomNumber);\n                        }\n                    } else if (giveawayUsers.length <= numberOfWinners) {\n                        for (i = 0; i < giveawayUsers.length; i++) {\n                            winnerArray.push(`${giveawayUsers[i]}`);\n                        }\n                    }\n\n                    for (i = 0; i < winnerArray.length; i++) {\n                        winnerText = winnerText + winnerArray[i] + '\\n';\n                    }\n\n                    gw.description += `\\n\\nThe winners are..\\n${winnerText}`;\n                    giveawayMessage.edit({\n                        embed: gw\n                    });\n                    channelToFetch.send(`🎉 Congratulations! 🎉 \\n ${winnerText} \\nThey have won **${giveawaysDue[preCount][\"itemGivingAway\"]}**`);\n\n                } else {\n                    gw.description += \"\\n\\nNo one entered the giveaway and thus no one won.\";\n                    giveawayMessage.edit({\n                        embed: gw\n                    });\n                    channelToFetch.send(`🎉 Giveaway Ended 🎉\\n\\nNo one entered the giveaway and thus no one won.`);\n                }\n            })\n        })\n    }\n    \n    counter += 1;\n    if (counter >= giveawaysDue.length) {\n        clearInterval(interval);\n    }\n}\n\n// VersionCheck:2","storage":"0","varName":"","name":"Run Script"},{"time":"7","measurement":"1","name":"Wait"},{"storage":"3","varName":"giveawayRan","changeType":"0","value":"null","name":"Control Variable"}],"temp2":"America/New_York"},{"name":"MemberJoin","temp":"member","event-type":"6","_id":"LXZFg","actions":[{"server":"0","varName":"","dataName":"custom.channelid.join","comparison":"0","value":"","iftrue":"0","iftrueVal":"","iffalse":"1","iffalseVal":"","name":"Check Server Data"},{"server":"0","varName":"","dataName":"custom.message.join","comparison":"0","value":"","iftrue":"0","iftrueVal":"","iffalse":"1","iffalseVal":"","name":"Check Server Data"},{"server":"0","varName":"","dataName":"custom.message.join","defaultVal":"0","storage":"1","varName2":"message","name":"Store Server Data"},{"server":"0","varName":"","dataName":"custom.channelid.join","defaultVal":"0","storage":"1","varName2":"channelid","name":"Store Server Data"},{"info":"0","find":"${tempVars(\"channelid\")}","storage":"1","varName":"channel","name":"Find Channel"},{"storage":"1","varName":"channel","comparison":"0","value":"","iftrue":"0","iftrueVal":"","iffalse":"1","iffalseVal":"","name":"Check Variable"},{"text":"${tempVars(\"message\")}","text2":"%member%","text3":"${tempVars(\"member\")}","info":"1","storage":"1","varName":"message-replaced","name":"Replace Text"},{"title":" ","author":"${tempVars(\"member\").user.username}","color":"#36393E","timestamp":"true","url":"","authorIcon":"${tempVars(\"member\").user.avatarURL}","imageUrl":"","thumbUrl":"","storage":"1","varName":"embed","name":"Create Embed Message"},{"storage":"1","varName":"embed","message":"${tempVars(\"message-replaced\")}","name":"Set Embed Description"},{"storage":"1","varName":"embed","message":"Members: ${tempVars(\"member\").guild.memberCount}","footerIcon":"","name":"Set Embed Footer"},{"storage":"1","varName":"embed","channel":"5","varName2":"channel","name":"Send Embed Message"}]},{"name":"Youtube Video","temp":"180","event-type":"3","_id":"fMuvs","actions":[{"token":"","user":"","pass":"","url":"https://www.googleapis.com/youtube/v3/playlistItems?playlistId=${globalVars(\"youtube-channel\")}&key=${globalVars(\"apikey\")}&part=snippet&maxResults=1","path":"$.items[0].snippet.resourceId.videoId","storage":"1","varName":"videoid","debugMode":"1","headers":"","name":"Store Json From WebAPI"},{"dataName":"videoId","comparison":"1","value":"\"${tempVars(\"videoid\")}\"","iftrue":"1","iftrueVal":"","iffalse":"0","iffalseVal":"","name":"Check Global Data"},{"token":"","user":"","pass":"","url":"https://www.googleapis.com/youtube/v3/playlistItems?playlistId=${globalVars(\"youtube-channel\")}&key=${globalVars(\"apikey\")}&part=snippet&maxResults=1","path":"$.items[0].snippet.channelId","storage":"1","varName":"channelId","debugMode":"1","headers":"","name":"Store Json From WebAPI"},{"token":"","user":"","pass":"","url":"https://www.googleapis.com/youtube/v3/playlistItems?playlistId=${globalVars(\"youtube-channel\")}&key=${globalVars(\"apikey\")}&part=snippet&maxResults=1","path":"$.items[0].snippet.channelTitle","storage":"1","varName":"channelTitle","debugMode":"1","headers":"","name":"Store Json From WebAPI"},{"token":"","user":"","pass":"","url":"https://www.googleapis.com/youtube/v3/playlistItems?playlistId=${globalVars(\"youtube-channel\")}&key=${globalVars(\"apikey\")}&part=snippet&maxResults=1","path":"$.items[0].snippet.title","storage":"1","varName":"videotitle","debugMode":"0","headers":"","name":"Store Json From WebAPI"},{"token":"","user":"","pass":"","url":"https://www.googleapis.com/youtube/v3/playlistItems?playlistId=${globalVars(\"youtube-channel\")}&key=${globalVars(\"apikey\")}&part=snippet&maxResults=1","path":"$.items[0].snippet.description","storage":"1","varName":"videodescription","debugMode":"0","headers":"","name":"Store Json From WebAPI"},{"token":"","user":"","pass":"","url":"https://www.googleapis.com/youtube/v3/playlistItems?playlistId=${globalVars(\"youtube-channel\")}&key=${globalVars(\"apikey\")}&part=snippet&maxResults=1","path":"$.items[0].snippet.thumbnails.default.url","storage":"1","varName":"videothumbnail","debugMode":"0","headers":"","name":"Store Json From WebAPI"},{"token":"","user":"","pass":"","url":"https://www.googleapis.com/youtube/v3/playlistItems?playlistId=${globalVars(\"youtube-channel\")}&key=${globalVars(\"apikey\")}&part=snippet&maxResults=1","path":"$.items[0].snippet.publishedAt","storage":"1","varName":"videopublishedAt","debugMode":"0","headers":"","name":"Store Json From WebAPI"},{"title":"${tempVars(\"channelTitle\")} just uploaded a new video!","author":"${tempVars(\"channelTitle\")}","color":"RANDOM","url":"https://www.youtube.com/watch?v=${tempVars(\"videoid\")}","authorIcon":"${client.user.displayAvatarURL}","authorUrl":"https://youtube.com/channel/${tempVars(\"channelId\")}","imageUrl":"","thumbUrl":"${tempVars(\"videothumbnail\")}","timestamp":"true","debug":"false","text":"","year":"","month":"","day":"","hour":"","minute":"","second":"","storage":"1","varName":"embed","name":"Create Embed Message"},{"storage":"1","varName":"embed","message":"${tempVars(\"videodescription\")}","name":"Set Embed Description"},{"time":"${tempVars(\"videopublishedAt\")}","storage":"1","varName":"videopublishedAtt","name":"Convert Timestamp to Date"},{"comment":"👇 Please Change your Server ID Here 👇","color":"#ff0000","name":"Comment"},{"info":"0","find":"793190014569676801","storage":"1","varName":"server","name":"Find Server"},{"server":"1","varName":"serverid","name":"Change Server"},{"comment":"👇 Please Change your Channel ID Here 👇","color":"#ff0000","name":"Comment"},{"info":"0","find":"831581527137452102","storage":"1","varName":"channel","name":"Find Channel"},{"storage":"1","varName":"embed","message":"Published AT: ${tempVars(\"videopublishedAtt\")}","footerIcon":"","name":"Set Embed Footer"},{"storage":"1","varName":"embed","channel":"5","varName2":"channel","storage3":"0","varName3":"","iffalse":"0","iffalseVal":"","messageContent":"","name":"Send Embed Message"},{"dataName":"videoId","changeType":"0","value":"\"${tempVars(\"videoid\")}\"","name":"Control Global Data"}]},{"name":"BotStart","temp":"60","event-type":"3","_id":"HGexR","actions":[{"info":"0","find":"864600475604484136","storage":"1","varName":"server","name":"Find Server"},{"comment":"^ Change to your servers ID ^","color":"#000000","name":"Comment"},{"server":"1","varName":"server","info":"35","storage":"1","varName2":"humancount","name":"Store Server Info"},{"activity":"2","nameText":"${tempVars(\"humancount\")} Mitglieder zu!","url":"","stat":"0","name":"Set Bot Activity"}]},{"name":"[Verify] Clean Channel","temp":"message","event-type":"2","_id":"mOHJg","actions":[{"message":"1","varName":"message","info":"4","storage":"1","varName2":"message-channel","name":"Store Message Info"},{"storage":"1","varName":"message-channel","comparison":"1","value":"serverVars(\"verify-channel\")","iftrue":"0","iftrueVal":"","iffalse":"1","iffalseVal":"","name":"Check Variable"},{"server":"0","varName":"","storage":"1","varName2":"bot-member","name":"Get Bot as Member"},{"message":"1","varName":"message","info":"3","storage":"1","varName2":"message-author","name":"Store Message Info"},{"storage":"1","varName":"message-author","comparison":"1","value":"tempVars(\"bot\")","iftrue":"1","iftrueVal":"","iffalse":"0","iffalseVal":"","name":"Check Variable"},{"time":"6","measurement":"1","name":"Wait"},{"storage":"1","varName":"message","name":"Delete Message"}]},{"name":"MemberJoin","temp":"","event-type":"6","_id":"QpKaf","actions":[{"behavior":"0","interpretation":"0","code":"let s = bot.guilds.set(\"793190014569676801\");\ns.memberCount","storage":"1","varName":"memberCount","name":"Run Script"},{"info":"0","find":"836186246007095326","storage":"1","varName":"voiceChannel","name":"Find Voice Channel"},{"storage":"3","varName":"voiceChannel","channelType":"1","toChange":"0","newState":"Member Count: ${tempVars(\"memberCount\")}","name":"Edit Channel"}]},{"name":"MemberLeave","temp":"","event-type":"7","_id":"wcxVQ","actions":[{"behavior":"0","interpretation":"0","code":"let s = bot.guilds.set(\"793190014569676801\");\ns.memberCount","storage":"1","varName":"memberCount","name":"Run Script"},{"info":"0","find":"836186246007095326","storage":"1","varName":"voiceChannel","name":"Find Voice Channel"},{"storage":"3","varName":"voiceChannel","channelType":"1","toChange":"0","newState":"Member Count: ${tempVars(\"memberCount\")}","name":"Edit Channel"}]},{"name":"mcstatusevent","permissions":"ADMINISTRATOR","restriction":"1","actions":[{"behavior":"0","interpretation":"1","code":"new Date().getTime();\n","storage":"2","varName":"mcstatus_querytime","name":"Run Script"},{"behavior":"0","token":"","user":"","pass":"","url":"https://api.mcsrvstat.us/2/difficult-knights.de","path":"","storage":"2","varName":"api_server1","name":"Store Json From WebAPI"},{"behavior":"0","token":"","user":"","pass":"","url":"https://api.mcsrvstat.us/2/difficult-knights.de","path":"","storage":"2","varName":"api_server2","name":"Store Json From WebAPI"},{"behavior":"0","token":"","user":"","pass":"","url":"https://api.mcsrvstat.us/2/difficult-knights.de","path":"","storage":"2","varName":"api_server3","name":"Store Json From WebAPI"},{"behavior":"0","token":"","user":"","pass":"","url":"https://api.mcsrvstat.us/2/difficult-knights.de","path":"","storage":"2","varName":"api_server4","name":"Store Json From WebAPI"},{"behavior":"0","token":"","user":"","pass":"","url":"https://api.mcsrvstat.us/2/difficult-knights.de","path":"","storage":"2","varName":"api_server5","name":"Store Json From WebAPI"},{"behavior":"0","jsonObjectVarName":"api_server1","path":"players.online","storage":"2","varName":"server1_online","name":"Parse From Stored Json"},{"behavior":"0","jsonObjectVarName":"api_server1","path":"players.max","storage":"2","varName":"server1_playersmax","name":"Parse From Stored Json"},{"behavior":"0","jsonObjectVarName":"api_server1","path":"players.online","storage":"2","varName":"server1_playersnow","name":"Parse From Stored Json"},{"behavior":"0","jsonObjectVarName":"api_server2","path":"players.online","storage":"2","varName":"server2_online","name":"Parse From Stored Json"},{"behavior":"0","jsonObjectVarName":"api_server2","path":"players.max","storage":"2","varName":"server2_playersmax","name":"Parse From Stored Json"},{"behavior":"0","jsonObjectVarName":"api_server2","path":"players.online","storage":"2","varName":"server2_playersnow","name":"Parse From Stored Json"},{"behavior":"0","jsonObjectVarName":"api_server3","path":"players.online","storage":"2","varName":"server3_online","name":"Parse From Stored Json"},{"behavior":"0","jsonObjectVarName":"api_server3","path":"players.max","storage":"2","varName":"server3_playersmax","name":"Parse From Stored Json"},{"behavior":"0","jsonObjectVarName":"api_server3","path":"players.online","storage":"2","varName":"server3_playersnow","name":"Parse From Stored Json"},{"behavior":"0","jsonObjectVarName":"api_server4","path":"online","storage":"2","varName":"server4_online","name":"Parse From Stored Json"},{"behavior":"0","jsonObjectVarName":"api_server4","path":"players.max","storage":"2","varName":"server4_playersmax","name":"Parse From Stored Json"},{"behavior":"0","jsonObjectVarName":"api_server4","path":"players.online","storage":"2","varName":"server4_playersnow","name":"Parse From Stored Json"},{"behavior":"0","jsonObjectVarName":"api_server5","path":"online","storage":"2","varName":"server5_online","name":"Parse From Stored Json"},{"behavior":"0","jsonObjectVarName":"api_server5","path":"players.max","storage":"2","varName":"server5_playersmax","name":"Parse From Stored Json"},{"behavior":"0","jsonObjectVarName":"api_server5","path":"players.online","storage":"2","varName":"server5_playersnow","name":"Parse From Stored Json"}],"event-type":"3","temp":"60","_id":"RzvNa"},{"name":"openTicket","temp":"","event-type":"0","_id":"jLiLA","actions":[{"behavior":"0","interpretation":"0","code":"const cc = client.channels.cache.find(channel => channel.name === msg.author.id);\nif(!cc) {\nconst guild = client.guilds.cache.get(\"793190014569676801\");\nconst category = guild.channels.cache.find(channel => channel.id == \"835288476588179506\" && channel.type == \"category\");\nguild.channels.create(msg.author.id, \"text\")\n.then(channel => {\n    if(!category) throw new Error(\"Category does not exist!\");\n    channel.setParent(category.id).then(channel => {\n        channel.send(\"**\" + msg.author.tag + \"**\" + \" hat ein neues Ticket eröffnet: \" + msg.content).then(() => msg.author.send(\"** Danke für deine Nachricht. Es wird von einem Moderator so bald wie möglich überprüft.**\")).then(() => client.channels.cache.find(channel => channel.name == msg.author.id).lockPermissions());\n    });\n}).catch(console.error);\n}\nelse {\n    cc.send(\"**\" + msg.author.tag + \"**\" + \": \" + msg.content)\n}\n\n\n","storage":"0","varName":"","name":"Run Script"},{"code":"    if(msg.attachments.size > 0 && msg.channel.type == \"text\") {\n        const u = client.users.cache.find(user => user.id === msg.channel.name);\n        msg.attachments.forEach(function(attachment) {\n            u.send(attachment.url);\n        });\n    }\n    \n    else if(msg.attachments.size > 0 && msg.channel.type == \"dm\") {\n        const channelToGet = client.channels.cache.find(channel => channel.name == msg.author.id)\n        msg.attachments.forEach(function(attachment) {\n            channelToGet.send(attachment.url);\n        });\n    }\n    \n    else {\n        Actions.callNextAction(cache)\n    }","behavior":"0","interpretation":"0","storage":"0","varName":"","VTypeSelect":"0","CVTypeValue":"","name":"Run Script"}],"restriction":"0","comType":"0"},{"name":"respondtoTicket","temp":"","event-type":"0","_id":"FgxOz","actions":[{"behavior":"0","interpretation":"0","code":"if(msg.channel.parentID == \"835288476588179506\") {\nconst userid = msg.channel.name;\nconst u = client.users.cache.find(user => user.id == userid);\nu.send(\"**\" + msg.author.tag + \"**\" + \": \" + msg.content)\n}\n","storage":"0","varName":"","name":"Run Script"},{"code":"    if(msg.attachments.size > 0 && msg.channel.type == \"text\") {\n        const u = client.users.cache.find(user => user.id === msg.channel.name);\n        msg.attachments.forEach(function(attachment) {\n            u.send(attachment.url);\n        });\n    }\n    \n    else if(msg.attachments.size > 0 && msg.channel.type == \"dm\") {\n        const channelToGet = client.channels.cache.find(channel => channel.name == msg.author.id)\n        msg.attachments.forEach(function(attachment) {\n            channelToGet.send(attachment.url);\n        });\n    }\n    \n    else {\n        Actions.callNextAction(cache)\n    }","behavior":"0","interpretation":"0","storage":"0","varName":"","VTypeSelect":"0","CVTypeValue":"","name":"Run Script"}]}]